timestamp,project_name,run_id,duration,emissions,emissions_rate,cpu_power,gpu_power,ram_power,cpu_energy,gpu_energy,ram_energy,energy_consumed,country_name,country_iso_code,region,cloud_provider,cloud_region,os,python_version,codecarbon_version,cpu_count,cpu_model,gpu_count,gpu_model,longitude,latitude,ram_total_size,tracking_mode,on_cloud,pue
2024-07-02T11:22:16,mnli_train_1k_flan-t5-base_0,44298d3d-60f3-4863-ace2-bddd9d3c8d7c,1.2685885429382324,2.76223172728773e-05,2.177405544661476e-05,64.14122884374949,67.54919004090559,0.4734721183776855,2.2798862683526263e-05,2.0655016523818404e-05,1.5585317715495729e-07,4.360973238449963e-05,India,IND,,,,Linux-5.15.0-107-generic-x86_64-with-glibc2.31,3.10.14,2.4.2,40,Intel(R) Xeon(R) Silver 4210R CPU @ 2.40GHz,4,2 x NVIDIA RTX A60002 x NVIDIA RTX A5000,,,125.51710510253906,process,N,1.0
2024-07-02T11:22:18,mnli_train_1k_flan-t5-base_1,57785ebf-52d5-4b2e-9f4d-f5f56a3545df,0.3082365989685058,6.77051121629665e-06,2.1965305998553496e-05,63.32145199110237,62.12279844751078,0.4736623764038086,5.4161993329610025e-06,5.235559744409812e-06,3.743036796474068e-08,1.0689189445335555e-05,India,IND,,,,Linux-5.15.0-107-generic-x86_64-with-glibc2.31,3.10.14,2.4.2,40,Intel(R) Xeon(R) Silver 4210R CPU @ 2.40GHz,4,2 x NVIDIA RTX A60002 x NVIDIA RTX A5000,,,125.51710510253906,process,N,1.0
2024-07-02T11:22:19,mnli_train_1k_flan-t5-base_2,2bc6b992-b3f6-4497-a733-e8bbfd1869ee,0.3244330883026123,7.254828557905251e-06,2.2361555647303056e-05,63.38717801254393,63.88555065903488,0.4811611175537109,5.707014287835432e-06,5.706393453763781e-06,4.041522264325673e-08,1.1453822964242468e-05,India,IND,,,,Linux-5.15.0-107-generic-x86_64-with-glibc2.31,3.10.14,2.4.2,40,Intel(R) Xeon(R) Silver 4210R CPU @ 2.40GHz,4,2 x NVIDIA RTX A60002 x NVIDIA RTX A5000,,,125.51710510253906,process,N,1.0
2024-07-02T11:22:21,mnli_train_1k_flan-t5-base_3,16dd9c1b-8b1b-4040-92ea-133ebf622b8d,0.3076734542846679,6.757309978701574e-06,2.196260315798816e-05,63.47684742040209,62.06673120413845,0.4812641143798828,5.420200447261991e-06,5.210281946332884e-06,3.7865120450912094e-08,1.0668347514045787e-05,India,IND,,,,Linux-5.15.0-107-generic-x86_64-with-glibc2.31,3.10.14,2.4.2,40,Intel(R) Xeon(R) Silver 4210R CPU @ 2.40GHz,4,2 x NVIDIA RTX A60002 x NVIDIA RTX A5000,,,125.51710510253906,process,N,1.0
2024-07-02T11:22:23,mnli_train_1k_flan-t5-base_4,dc8c97e6-6670-4632-bd46-c96aafaad40e,0.3087470531463623,7.673404334680877e-06,2.485336866047198e-05,63.09417850339326,78.52680851542577,0.481325626373291,5.405772657951502e-06,6.670560892096944e-06,3.8331060008545146e-08,1.211466461005699e-05,India,IND,,,,Linux-5.15.0-107-generic-x86_64-with-glibc2.31,3.10.14,2.4.2,40,Intel(R) Xeon(R) Silver 4210R CPU @ 2.40GHz,4,2 x NVIDIA RTX A60002 x NVIDIA RTX A5000,,,125.51710510253906,process,N,1.0
2024-07-02T11:22:24,mnli_train_1k_flan-t5-base_5,0bfd2804-a119-492a-8b70-3073dad422c2,0.3109171390533447,6.800116252278655e-06,2.1871152786826408e-05,63.33936722904099,61.13808103343218,0.4813714027404785,5.465095205409165e-06,5.232226408136143e-06,3.860785304387567e-08,1.0735929466589184e-05,India,IND,,,,Linux-5.15.0-107-generic-x86_64-with-glibc2.31,3.10.14,2.4.2,40,Intel(R) Xeon(R) Silver 4210R CPU @ 2.40GHz,4,2 x NVIDIA RTX A60002 x NVIDIA RTX A5000,,,125.51710510253906,process,N,1.0
2024-07-02T11:22:26,mnli_train_1k_flan-t5-base_6,587f3f16-8541-4661-a30b-fd42bdca8d19,0.3126261234283447,7.157043886584858e-06,2.289330081599941e-05,63.401985261497664,67.65390713197124,0.4814085960388183,5.500444955904016e-06,5.760560163992068e-06,3.843675801457873e-08,1.1299441877910662e-05,India,IND,,,,Linux-5.15.0-107-generic-x86_64-with-glibc2.31,3.10.14,2.4.2,40,Intel(R) Xeon(R) Silver 4210R CPU @ 2.40GHz,4,2 x NVIDIA RTX A60002 x NVIDIA RTX A5000,,,125.51710510253906,process,N,1.0
2024-07-02T11:22:28,mnli_train_1k_flan-t5-base_7,cfca90c2-cdd5-414b-a0b8-6085fde807e2,0.3093698024749756,7.677139447728392e-06,2.481541309562488e-05,63.23007189815995,78.16040931791039,0.4814672470092773,5.428219620358388e-06,6.653894212060862e-06,3.8447722445766896e-08,1.2120561554865016e-05,India,IND,,,,Linux-5.15.0-107-generic-x86_64-with-glibc2.31,3.10.14,2.4.2,40,Intel(R) Xeon(R) Silver 4210R CPU @ 2.40GHz,4,2 x NVIDIA RTX A60002 x NVIDIA RTX A5000,,,125.51710510253906,process,N,1.0
2024-07-02T11:22:29,mnli_train_1k_flan-t5-base_8,a94f88b5-11ef-4206-a9bb-5c99995ed809,0.316141128540039,6.947473736095298e-06,2.197586175572662e-05,63.44834059699349,61.88121613743866,0.4814858436584472,5.566328619720229e-06,5.363059845997498e-06,3.918695778423853e-08,1.0968575423501966e-05,India,IND,,,,Linux-5.15.0-107-generic-x86_64-with-glibc2.31,3.10.14,2.4.2,40,Intel(R) Xeon(R) Silver 4210R CPU @ 2.40GHz,4,2 x NVIDIA RTX A60002 x NVIDIA RTX A5000,,,125.51710510253906,process,N,1.0
2024-07-02T11:22:31,mnli_train_1k_flan-t5-base_9,99139243-3682-4dfd-ac81-a1f951727a88,0.3167672157287597,7.480515956168489e-06,2.3615183594548107e-05,63.81651021146488,70.97405848594359,0.4815230369567871,5.609511154275326e-06,6.161393817816219e-06,3.923013437940881e-08,1.1810135106470954e-05,India,IND,,,,Linux-5.15.0-107-generic-x86_64-with-glibc2.31,3.10.14,2.4.2,40,Intel(R) Xeon(R) Silver 4210R CPU @ 2.40GHz,4,2 x NVIDIA RTX A60002 x NVIDIA RTX A5000,,,125.51710510253906,process,N,1.0
2024-07-02T11:22:33,mnli_train_1k_flan-t5-base_10,ddc4a6e9-1539-4bec-8121-a93f20d20731,0.3123862743377685,7.780665809804065e-06,2.4907194870512133e-05,63.24149036446224,78.7222470957167,0.4815759658813476,5.482998830838581e-06,6.762227632073348e-06,3.8781080219033966e-08,1.2284007543130962e-05,India,IND,,,,Linux-5.15.0-107-generic-x86_64-with-glibc2.31,3.10.14,2.4.2,40,Intel(R) Xeon(R) Silver 4210R CPU @ 2.40GHz,4,2 x NVIDIA RTX A60002 x NVIDIA RTX A5000,,,125.51710510253906,process,N,1.0
2024-07-02T11:22:34,mnli_train_1k_flan-t5-base_11,a5882060-6f05-428e-968e-e07c9ae64431,0.3167598247528076,7.833990319127624e-06,2.4731641158221683e-05,63.75010429243976,77.19503889957059,0.4816203117370606,5.603560038397459e-06,6.7252831579267536e-06,3.935234443787295e-08,1.2368195540762086e-05,India,IND,,,,Linux-5.15.0-107-generic-x86_64-with-glibc2.31,3.10.14,2.4.2,40,Intel(R) Xeon(R) Silver 4210R CPU @ 2.40GHz,4,2 x NVIDIA RTX A60002 x NVIDIA RTX A5000,,,125.51710510253906,process,N,1.0
2024-07-02T11:22:36,mnli_train_1k_flan-t5-base_12,06cfb09e-5e2f-47ef-9ee3-67f33dce6b58,0.3275842666625976,7.781394626064618e-06,2.3753871653668977e-05,62.88600253200558,72.94223542878316,0.4816675186157226,5.717187073747687e-06,6.527505222120311e-06,4.0465892292710736e-08,1.228515818816071e-05,India,IND,,,,Linux-5.15.0-107-generic-x86_64-with-glibc2.31,3.10.14,2.4.2,40,Intel(R) Xeon(R) Silver 4210R CPU @ 2.40GHz,4,2 x NVIDIA RTX A60002 x NVIDIA RTX A5000,,,125.51710510253906,process,N,1.0
2024-07-02T11:22:38,mnli_train_1k_flan-t5-base_13,2a0b4220-687a-4528-ace2-3e8f1b4a9729,0.319155216217041,8.128629461882053e-06,2.5469204477467137e-05,63.566156327746064,82.0526174148687,0.4817132949829101,5.629822003853924e-06,7.164172398432811e-06,3.9373341031137e-08,1.283336774331787e-05,India,IND,,,,Linux-5.15.0-107-generic-x86_64-with-glibc2.31,3.10.14,2.4.2,40,Intel(R) Xeon(R) Silver 4210R CPU @ 2.40GHz,4,2 x NVIDIA RTX A60002 x NVIDIA RTX A5000,,,125.51710510253906,process,N,1.0
2024-07-02T11:22:39,mnli_train_1k_flan-t5-base_14,768b30ae-5489-4895-b30f-df28a342ca8f,0.3140661716461181,7.189001251159765e-06,2.2890084638788e-05,63.29129419167502,67.1229912936937,0.4817318916320801,5.513329966205793e-06,5.797504638138662e-06,3.9061118660299603e-08,1.1349895723004756e-05,India,IND,,,,Linux-5.15.0-107-generic-x86_64-with-glibc2.31,3.10.14,2.4.2,40,Intel(R) Xeon(R) Silver 4210R CPU @ 2.40GHz,4,2 x NVIDIA RTX A60002 x NVIDIA RTX A5000,,,125.51710510253906,process,N,1.0
2024-07-02T11:22:41,mnli_train_1k_flan-t5-base_15,02baf342-2181-42f8-9776-d1d39e43628f,0.3183491230010986,7.662513074885743e-06,2.406952782734476e-05,63.03956128912717,74.38183041820322,0.4817733764648437,5.5691430664236985e-06,6.488894080280971e-06,3.943249305696857e-08,1.209746963976164e-05,India,IND,,,,Linux-5.15.0-107-generic-x86_64-with-glibc2.31,3.10.14,2.4.2,40,Intel(R) Xeon(R) Silver 4210R CPU @ 2.40GHz,4,2 x NVIDIA RTX A60002 x NVIDIA RTX A5000,,,125.51710510253906,process,N,1.0
2024-07-02T11:22:43,mnli_train_1k_flan-t5-base_16,5ee68812-7123-402a-a8c6-44667c0f3265,0.3196632862091064,7.847323040528995e-06,2.4548715411114494e-05,63.40026192939381,76.99970885633627,0.4817991256713868,5.623888110213582e-06,6.725838714416454e-06,3.951823223625677e-08,1.2389245056866292e-05,India,IND,,,,Linux-5.15.0-107-generic-x86_64-with-glibc2.31,3.10.14,2.4.2,40,Intel(R) Xeon(R) Silver 4210R CPU @ 2.40GHz,4,2 x NVIDIA RTX A60002 x NVIDIA RTX A5000,,,125.51710510253906,process,N,1.0
2024-07-02T11:22:44,mnli_train_1k_flan-t5-base_17,459e661d-9f40-4822-91e3-34a9f8e160a6,0.3196680545806885,8.552028087430399e-06,2.6752839280885208e-05,62.88986468445032,89.56169083673312,0.4818334579467774,5.57919668557616e-06,7.882784084145555e-06,3.9842866333970055e-08,1.3501823636055685e-05,India,IND,,,,Linux-5.15.0-107-generic-x86_64-with-glibc2.31,3.10.14,2.4.2,40,Intel(R) Xeon(R) Silver 4210R CPU @ 2.40GHz,4,2 x NVIDIA RTX A60002 x NVIDIA RTX A5000,,,125.51710510253906,process,N,1.0
2024-07-02T11:22:46,mnli_train_1k_flan-t5-base_18,2aea3d39-877c-4c0b-b8bf-0fa7695b8678,0.3192358016967773,7.15368214635325e-06,2.240877153605753e-05,63.20202931286603,64.35137376440987,0.4818720817565918,5.599389201735305e-06,5.655004524207641e-06,3.974068299622028e-08,1.1294134408939166e-05,India,IND,,,,Linux-5.15.0-107-generic-x86_64-with-glibc2.31,3.10.14,2.4.2,40,Intel(R) Xeon(R) Silver 4210R CPU @ 2.40GHz,4,2 x NVIDIA RTX A60002 x NVIDIA RTX A5000,,,125.51710510253906,process,N,1.0
2024-07-02T11:22:48,mnli_train_1k_flan-t5-base_19,6f1618df-3d6c-40d4-a1cc-46bc0b03b2e3,0.3162446022033691,7.736658217224046e-06,2.44641589558224e-05,63.63902865890044,75.77868396098746,0.4818949699401855,5.585165023684613e-06,6.590005271700505e-06,3.935866937960478e-08,1.2214528964764724e-05,India,IND,,,,Linux-5.15.0-107-generic-x86_64-with-glibc2.31,3.10.14,2.4.2,40,Intel(R) Xeon(R) Silver 4210R CPU @ 2.40GHz,4,2 x NVIDIA RTX A60002 x NVIDIA RTX A5000,,,125.51710510253906,process,N,1.0
2024-07-02T11:22:49,mnli_train_1k_flan-t5-base_20,2d536339-d170-4f63-8e45-06f40b8edde4,0.3238201141357422,8.723168879832246e-06,2.693831698229709e-05,62.94712268857908,90.61144096004718,0.4819250106811524,5.6561009137631735e-06,8.075562015985582e-06,4.035542179678943e-08,1.3772018351545543e-05,India,IND,,,,Linux-5.15.0-107-generic-x86_64-with-glibc2.31,3.10.14,2.4.2,40,Intel(R) Xeon(R) Silver 4210R CPU @ 2.40GHz,4,2 x NVIDIA RTX A60002 x NVIDIA RTX A5000,,,125.51710510253906,process,N,1.0
2024-07-02T11:22:51,mnli_train_1k_flan-t5-base_21,4ddc830f-e5cb-4fc6-ae85-1cd26c659c57,0.3233091831207275,7.488874561122687e-06,2.316319780600309e-05,63.53959502992798,69.00070162669448,0.481959342956543,5.701199005392343e-06,6.082227087755854e-06,3.9905463191871615e-08,1.182333155634007e-05,India,IND,,,,Linux-5.15.0-107-generic-x86_64-with-glibc2.31,3.10.14,2.4.2,40,Intel(R) Xeon(R) Silver 4210R CPU @ 2.40GHz,4,2 x NVIDIA RTX A60002 x NVIDIA RTX A5000,,,125.51710510253906,process,N,1.0
2024-07-02T11:22:53,mnli_train_1k_flan-t5-base_22,ad74d703-16d7-43c3-ba46-8f7fa7fa7ac4,0.3194818496704101,7.836686944871174e-06,2.45293651359406e-05,63.80465215242591,75.88945951581833,0.4820008277893067,5.657084525663436e-06,6.67556089561927e-06,3.980751489829496e-08,1.2372452936181004e-05,India,IND,,,,Linux-5.15.0-107-generic-x86_64-with-glibc2.31,3.10.14,2.4.2,40,Intel(R) Xeon(R) Silver 4210R CPU @ 2.40GHz,4,2 x NVIDIA RTX A60002 x NVIDIA RTX A5000,,,125.51710510253906,process,N,1.0
2024-07-02T11:22:54,mnli_train_1k_flan-t5-base_23,ed6c1699-f33e-406d-b0c3-bf32f3bb375a,0.3243110179901123,8.900478893276249e-06,2.7444269234009216e-05,63.62964494811224,92.77413781672855,0.4820294380187988,5.726172914263805e-06,8.285284406106541e-06,4.049562750168434e-08,1.405195294787203e-05,India,IND,,,,Linux-5.15.0-107-generic-x86_64-with-glibc2.31,3.10.14,2.4.2,40,Intel(R) Xeon(R) Silver 4210R CPU @ 2.40GHz,4,2 x NVIDIA RTX A60002 x NVIDIA RTX A5000,,,125.51710510253906,process,N,1.0
2024-07-02T11:22:56,mnli_train_1k_flan-t5-base_24,8c2e643d-193a-403b-969b-ec1cb383ab2e,0.328467845916748,7.743578033206896e-06,2.357484341152086e-05,63.22248162745937,71.88238010397143,0.4820609092712402,5.759945163510971e-06,6.425005139920614e-06,4.050357107843185e-08,1.2225453874510017e-05,India,IND,,,,Linux-5.15.0-107-generic-x86_64-with-glibc2.31,3.10.14,2.4.2,40,Intel(R) Xeon(R) Silver 4210R CPU @ 2.40GHz,4,2 x NVIDIA RTX A60002 x NVIDIA RTX A5000,,,125.51710510253906,process,N,1.0
2024-07-02T11:22:58,mnli_train_1k_flan-t5-base_25,a469b95b-ed9f-42b6-8c15-d264c9558e34,0.3253064155578613,7.328184492845894e-06,2.2527021117240927e-05,63.85838225448626,64.36302657422989,0.4821009635925293,5.76515016767476e-06,5.763893499821648e-06,4.059263202757773e-08,1.1569636299523986e-05,India,IND,,,,Linux-5.15.0-107-generic-x86_64-with-glibc2.31,3.10.14,2.4.2,40,Intel(R) Xeon(R) Silver 4210R CPU @ 2.40GHz,4,2 x NVIDIA RTX A60002 x NVIDIA RTX A5000,,,125.51710510253906,process,N,1.0
2024-07-02T11:22:59,mnli_train_1k_flan-t5-base_26,408fb878-b725-4e3a-a1b5-ab8c6740b443,0.1874661445617675,5.447755625361318e-06,2.9059943799966268e-05,62.89315131827789,103.55652243277991,0.4821610450744629,3.269528726729254e-06,5.309170914014061e-06,2.2141576566051907e-08,8.600841217309367e-06,India,IND,,,,Linux-5.15.0-107-generic-x86_64-with-glibc2.31,3.10.14,2.4.2,40,Intel(R) Xeon(R) Silver 4210R CPU @ 2.40GHz,4,2 x NVIDIA RTX A60002 x NVIDIA RTX A5000,,,125.51710510253906,process,N,1.0
2024-07-02T11:23:01,mnli_train_1k_flan-t5-base_27,c107c005-fc37-491f-8909-a71a016b6b5e,0.3262374401092529,9.326645217003949e-06,2.858851888330343e-05,63.23273918743974,99.8369678984556,0.482215404510498,5.72574874726367e-06,8.958340499631845e-06,4.0689197311678526e-08,1.4724778444207196e-05,India,IND,,,,Linux-5.15.0-107-generic-x86_64-with-glibc2.31,3.10.14,2.4.2,40,Intel(R) Xeon(R) Silver 4210R CPU @ 2.40GHz,4,2 x NVIDIA RTX A60002 x NVIDIA RTX A5000,,,125.51710510253906,process,N,1.0
2024-07-02T11:23:03,mnli_train_1k_flan-t5-base_28,ca9de054-3613-4981-bda0-666ed27fc266,0.1924562454223632,5.414067819018909e-06,2.813142180518605e-05,63.42807458665047,99.22386377534396,0.4822611808776855,3.3846815966215305e-06,5.1405596677156495e-06,2.2414110354418428e-08,8.547655374691599e-06,India,IND,,,,Linux-5.15.0-107-generic-x86_64-with-glibc2.31,3.10.14,2.4.2,40,Intel(R) Xeon(R) Silver 4210R CPU @ 2.40GHz,4,2 x NVIDIA RTX A60002 x NVIDIA RTX A5000,,,125.51710510253906,process,N,1.0
2024-07-02T11:23:04,mnli_train_1k_flan-t5-base_29,9453751c-f48a-45b7-8d63-47f0f6f4b693,0.189610481262207,4.820106586974928e-06,2.5421097794216013e-05,62.36224332177372,83.63895113293704,0.4823269844055176,3.279277623412236e-06,4.308336779779154e-06,2.2303195182663185e-08,7.609917598374051e-06,India,IND,,,,Linux-5.15.0-107-generic-x86_64-with-glibc2.31,3.10.14,2.4.2,40,Intel(R) Xeon(R) Silver 4210R CPU @ 2.40GHz,4,2 x NVIDIA RTX A60002 x NVIDIA RTX A5000,,,125.51710510253906,process,N,1.0
2024-07-02T11:23:06,mnli_train_1k_flan-t5-base_30,05b5a5ec-62e1-4c84-9a14-0c34fb0ce646,0.1923413276672363,4.933078067165639e-06,2.5647520098749665e-05,63.529520263302246,83.15242132855153,0.4823613166809082,3.389055766800375e-06,4.376392389815464e-06,2.2827251840832716e-08,7.788275408456671e-06,India,IND,,,,Linux-5.15.0-107-generic-x86_64-with-glibc2.31,3.10.14,2.4.2,40,Intel(R) Xeon(R) Silver 4210R CPU @ 2.40GHz,4,2 x NVIDIA RTX A60002 x NVIDIA RTX A5000,,,125.51710510253906,process,N,1.0
2024-07-02T11:23:07,mnli_train_1k_flan-t5-base_31,e7ef5307-09be-447f-b69b-463b94dfa2a6,0.36006665229797363,1.3389685935297576e-05,3.7186687103189225e-05,63.315614888668144,149.96627162379428,0.48736095428466797,6.328775340798398e-06,1.4765289589657726e-05,4.538599186692712e-08,2.113945092232305e-05,India,IND,,,,Linux-5.15.0-107-generic-x86_64-with-glibc2.31,3.10.14,2.4.2,40,Intel(R) Xeon(R) Silver 4210R CPU @ 2.40GHz,4,2 x NVIDIA RTX A60002 x NVIDIA RTX A5000,,,125.51710510253906,process,N,1.0
